<?xml version="1.0" encoding="UTF-8"?>
<!DOCTYPE plist PUBLIC "-//Apple//DTD PLIST 1.0//EN" "http://www.apple.com/DTDs/PropertyList-1.0.dtd">
<plist version="1.0">
<dict>
	<key>files</key>
	<dict>
		<key>Resources/Data/Managed/Assembly-CSharp.dll</key>
		<data>
		1BlYCscpX05EPVwcSojW3QqjXWE=
		</data>
		<key>Resources/Data/Managed/AstarPathfindingProject.dll</key>
		<data>
		TxkPrkFhFybZoJsqwVOeTLPV2ec=
		</data>
		<key>Resources/Data/Managed/Mono.Security.dll</key>
		<data>
		6UAFjP9dxYTBHcbksRHoWj9soG4=
		</data>
		<key>Resources/Data/Managed/Newtonsoft.Json.dll</key>
		<data>
		1CRb2OpXbEJQlQszfV0QR8EscDo=
		</data>
		<key>Resources/Data/Managed/Pathfinding.Ionic.Zip.Reduced.dll</key>
		<data>
		dlCyT+7pvg1SJ7Wcfyc1324F8Vo=
		</data>
		<key>Resources/Data/Managed/System.ComponentModel.Composition.dll</key>
		<data>
		SCDsSnVY4Yqh6hUdIs8ZILgrI6c=
		</data>
		<key>Resources/Data/Managed/System.Configuration.dll</key>
		<data>
		OlsnwXVEonqc4MtzN6pFa3LPkHU=
		</data>
		<key>Resources/Data/Managed/System.Core.dll</key>
		<data>
		ysgRMu+KdswL7pnfpf/CCWwCuEg=
		</data>
		<key>Resources/Data/Managed/System.Data.dll</key>
		<data>
		WZa1x4JjGi5/J29fZggJxCGBCRY=
		</data>
		<key>Resources/Data/Managed/System.Diagnostics.StackTrace.dll</key>
		<data>
		bFzumljc9JP5TfJ7feF/Gb3wIeM=
		</data>
		<key>Resources/Data/Managed/System.Drawing.dll</key>
		<data>
		mpWFXd8BZjjnLDu6h0mCOWn82ec=
		</data>
		<key>Resources/Data/Managed/System.EnterpriseServices.dll</key>
		<data>
		QTlCkd672Vk6On1lQIxC3SjwZJk=
		</data>
		<key>Resources/Data/Managed/System.Globalization.Extensions.dll</key>
		<data>
		RL/x8ksjX3QvhOTxUukS+gRS7J8=
		</data>
		<key>Resources/Data/Managed/System.IO.Compression.FileSystem.dll</key>
		<data>
		uAl5lJuBfSav4KiosDWPcE7OgrI=
		</data>
		<key>Resources/Data/Managed/System.IO.Compression.dll</key>
		<data>
		w647zVyNmvd8xXnh0zX4z20qJBU=
		</data>
		<key>Resources/Data/Managed/System.Net.Http.dll</key>
		<data>
		VwUgHvkCady+Jp8xuToPeBkCUvE=
		</data>
		<key>Resources/Data/Managed/System.Numerics.dll</key>
		<data>
		4nHOnv5OFAqKVIkgKZK/gPv0WYY=
		</data>
		<key>Resources/Data/Managed/System.Runtime.Serialization.Xml.dll</key>
		<data>
		0srTtegP4BBWYTsNlCwXfMbQzKE=
		</data>
		<key>Resources/Data/Managed/System.Runtime.Serialization.dll</key>
		<data>
		PjiaN5ZWtXhrYByOzQpJ8Rmlyso=
		</data>
		<key>Resources/Data/Managed/System.ServiceModel.Internals.dll</key>
		<data>
		nv/tWv+kx1ZtRdn8QDE9E2msOeA=
		</data>
		<key>Resources/Data/Managed/System.Transactions.dll</key>
		<data>
		zhCHMvnuRMGOZDTIhrzXXhEum70=
		</data>
		<key>Resources/Data/Managed/System.Xml.Linq.dll</key>
		<data>
		J9mvsx21T69xo6eAJfcD5hBDubg=
		</data>
		<key>Resources/Data/Managed/System.Xml.XPath.XDocument.dll</key>
		<data>
		0wN2Wbb5ERsTKBQWJfmarwrzX5Y=
		</data>
		<key>Resources/Data/Managed/System.Xml.dll</key>
		<data>
		ySnfKHrPWnJzl1Qe8sS4pZWuxg0=
		</data>
		<key>Resources/Data/Managed/System.dll</key>
		<data>
		k+s3pM0gAx3QZi9s5d5Ji/QPotc=
		</data>
		<key>Resources/Data/Managed/Unity.TextMeshPro.dll</key>
		<data>
		oZm+BustRSGeyCunF5ZCk9/vS+0=
		</data>
		<key>Resources/Data/Managed/Unity.Timeline.dll</key>
		<data>
		RRUxQ7KzfNkZGK33/UsAXloSb3w=
		</data>
		<key>Resources/Data/Managed/UnityEngine.AIModule.dll</key>
		<data>
		bW15WPSkkS05M/YUf1QGCrAV350=
		</data>
		<key>Resources/Data/Managed/UnityEngine.ARModule.dll</key>
		<data>
		iPPlJ2Xpg+8jimbXLsRiJ7E0FRI=
		</data>
		<key>Resources/Data/Managed/UnityEngine.AccessibilityModule.dll</key>
		<data>
		KMYih1Tkr2VjDh6+qDRxK5tVEo0=
		</data>
		<key>Resources/Data/Managed/UnityEngine.AndroidJNIModule.dll</key>
		<data>
		Kz62IM0swv/+VFPHUx+8pC3pujA=
		</data>
		<key>Resources/Data/Managed/UnityEngine.AnimationModule.dll</key>
		<data>
		RBN/G/jR3DMspf4m63R9NaMnvw0=
		</data>
		<key>Resources/Data/Managed/UnityEngine.AssetBundleModule.dll</key>
		<data>
		waznyJzNciFr7GiPe1IJIqbeIuY=
		</data>
		<key>Resources/Data/Managed/UnityEngine.AudioModule.dll</key>
		<data>
		IJ//xCUrB8fWGn+w5pYfvPRaNTc=
		</data>
		<key>Resources/Data/Managed/UnityEngine.ClothModule.dll</key>
		<data>
		BhFRkUkyJh64IcPjrPFUId3wyLs=
		</data>
		<key>Resources/Data/Managed/UnityEngine.ClusterInputModule.dll</key>
		<data>
		SzdBh7YfT1gu9ALKTr00S4twTmM=
		</data>
		<key>Resources/Data/Managed/UnityEngine.ClusterRendererModule.dll</key>
		<data>
		rUYOS2MokSbcf8457YPR/2cehwk=
		</data>
		<key>Resources/Data/Managed/UnityEngine.CoreModule.dll</key>
		<data>
		iYg9ioZzMP7Q5oc1x/3hS6qaUbU=
		</data>
		<key>Resources/Data/Managed/UnityEngine.CrashReportingModule.dll</key>
		<data>
		N8prVzWDdzPO3NAyRw//MiwJIVM=
		</data>
		<key>Resources/Data/Managed/UnityEngine.DSPGraphModule.dll</key>
		<data>
		H+zA2TXuF2qEJ9DhUI3x37ElylQ=
		</data>
		<key>Resources/Data/Managed/UnityEngine.DirectorModule.dll</key>
		<data>
		abFAzTYLoKSC4ED4mdp1/s1Nlyc=
		</data>
		<key>Resources/Data/Managed/UnityEngine.GIModule.dll</key>
		<data>
		KEmaYy9EBeNv8oS23NG4GW0IcCw=
		</data>
		<key>Resources/Data/Managed/UnityEngine.GameCenterModule.dll</key>
		<data>
		VLkq1O+DFn7cGSGBo7HcwvWmg5c=
		</data>
		<key>Resources/Data/Managed/UnityEngine.GridModule.dll</key>
		<data>
		+wTauMSDdSRS7hiOG4UOhF4paXI=
		</data>
		<key>Resources/Data/Managed/UnityEngine.HotReloadModule.dll</key>
		<data>
		8O9YGHPgljxeC1LVAruFNR+kDgs=
		</data>
		<key>Resources/Data/Managed/UnityEngine.IMGUIModule.dll</key>
		<data>
		1JJd84xaZ1DLy7s94yfFKgUgUZQ=
		</data>
		<key>Resources/Data/Managed/UnityEngine.ImageConversionModule.dll</key>
		<data>
		kTwqAN8guYJJJyAehJg48q2nMns=
		</data>
		<key>Resources/Data/Managed/UnityEngine.InputLegacyModule.dll</key>
		<data>
		5MZqIlvzDe411gPZsW7xu4GxVNQ=
		</data>
		<key>Resources/Data/Managed/UnityEngine.InputModule.dll</key>
		<data>
		3Uzein52En7KQ2uv6Os0i9KhHkc=
		</data>
		<key>Resources/Data/Managed/UnityEngine.JSONSerializeModule.dll</key>
		<data>
		CRCRN2Pal9f7/jyDCnenAXgGElA=
		</data>
		<key>Resources/Data/Managed/UnityEngine.LocalizationModule.dll</key>
		<data>
		QpCyy9O4dXMfXKckPKT0FXfxcaM=
		</data>
		<key>Resources/Data/Managed/UnityEngine.ParticleSystemModule.dll</key>
		<data>
		5KvSNxkwicrVL8fEVspZaQjMhRI=
		</data>
		<key>Resources/Data/Managed/UnityEngine.PerformanceReportingModule.dll</key>
		<data>
		Y6qge8zEbwYXZIn3GMn87MBj4wY=
		</data>
		<key>Resources/Data/Managed/UnityEngine.Physics2DModule.dll</key>
		<data>
		dbl00CgMFQr7SXfxok2+uCviwVw=
		</data>
		<key>Resources/Data/Managed/UnityEngine.PhysicsModule.dll</key>
		<data>
		lIoA4DGjN2WjXaSim0R8Uhs67pw=
		</data>
		<key>Resources/Data/Managed/UnityEngine.ProfilerModule.dll</key>
		<data>
		4SvHVzH588vxonWiVd9Xg4JJ8RA=
		</data>
		<key>Resources/Data/Managed/UnityEngine.RuntimeInitializeOnLoadManagerInitializerModule.dll</key>
		<data>
		IgM1xv8RNtbxWTICocKErXWgfwc=
		</data>
		<key>Resources/Data/Managed/UnityEngine.ScreenCaptureModule.dll</key>
		<data>
		ug64mTmSQIc6jaOb1vaYTfEnZS4=
		</data>
		<key>Resources/Data/Managed/UnityEngine.SharedInternalsModule.dll</key>
		<data>
		w0LIZKog6qaJuK9YSpEiQag8eVE=
		</data>
		<key>Resources/Data/Managed/UnityEngine.SpriteMaskModule.dll</key>
		<data>
		1x3n/pQsSOJ04NV4tvgskYbt44I=
		</data>
		<key>Resources/Data/Managed/UnityEngine.SpriteShapeModule.dll</key>
		<data>
		3+Z/RmJYnnWQHXIrqBkZBHapmUE=
		</data>
		<key>Resources/Data/Managed/UnityEngine.StreamingModule.dll</key>
		<data>
		YJkJRj7CNN08S81KHD1MtbLroYk=
		</data>
		<key>Resources/Data/Managed/UnityEngine.SubstanceModule.dll</key>
		<data>
		t/kLSQAsJBc8mo1qNsLP3pKr6BY=
		</data>
		<key>Resources/Data/Managed/UnityEngine.SubsystemsModule.dll</key>
		<data>
		2KaVI03aaIWKaG4OLmHVwx7uEPI=
		</data>
		<key>Resources/Data/Managed/UnityEngine.TLSModule.dll</key>
		<data>
		urESR+pdaG+DqwbydSRmoqY/SL0=
		</data>
		<key>Resources/Data/Managed/UnityEngine.TerrainModule.dll</key>
		<data>
		Qu1Vk2wHAnNr36NLl0y3u+/MXTw=
		</data>
		<key>Resources/Data/Managed/UnityEngine.TerrainPhysicsModule.dll</key>
		<data>
		w/ZBvWwqR6EUzreUlRJnSXgmQaI=
		</data>
		<key>Resources/Data/Managed/UnityEngine.TextCoreModule.dll</key>
		<data>
		3QJGp8mJT+x27M8OSXVfmQhl1aA=
		</data>
		<key>Resources/Data/Managed/UnityEngine.TextRenderingModule.dll</key>
		<data>
		W9qksuQSpSUeket9hKzWWh6nzQo=
		</data>
		<key>Resources/Data/Managed/UnityEngine.TilemapModule.dll</key>
		<data>
		TR7iNgE8FnZGpy/7OBaGnigYD4k=
		</data>
		<key>Resources/Data/Managed/UnityEngine.UI.dll</key>
		<data>
		N/w4lhFFuP5etAvporErXqPrTfk=
		</data>
		<key>Resources/Data/Managed/UnityEngine.UIElementsModule.dll</key>
		<data>
		WYL7mrF4trN20O9kVMimAtcQEeI=
		</data>
		<key>Resources/Data/Managed/UnityEngine.UIElementsNativeModule.dll</key>
		<data>
		XK1QE5q34e+JSSNJ+R9Yw0Wv6gI=
		</data>
		<key>Resources/Data/Managed/UnityEngine.UIModule.dll</key>
		<data>
		ivmblBToIl8O6u66JgV1ANnU6iU=
		</data>
		<key>Resources/Data/Managed/UnityEngine.UNETModule.dll</key>
		<data>
		6fzh4o/AwBSetgLNE0qfGN7Nv/0=
		</data>
		<key>Resources/Data/Managed/UnityEngine.UmbraModule.dll</key>
		<data>
		Uu1awMDirblQL/ae+npAcaw+GaM=
		</data>
		<key>Resources/Data/Managed/UnityEngine.UnityAnalyticsModule.dll</key>
		<data>
		8cPvgY2lBl7Xhjj4m1WWRzGA/e0=
		</data>
		<key>Resources/Data/Managed/UnityEngine.UnityConnectModule.dll</key>
		<data>
		DW4XnQOAFbY17Ht8JlIhGwLYRSw=
		</data>
		<key>Resources/Data/Managed/UnityEngine.UnityCurlModule.dll</key>
		<data>
		jHQJ4a0uQR2ogKNlCHYU/LWJbow=
		</data>
		<key>Resources/Data/Managed/UnityEngine.UnityTestProtocolModule.dll</key>
		<data>
		LI32VcUMg5sTiX0Ao78PFDe+YAE=
		</data>
		<key>Resources/Data/Managed/UnityEngine.UnityWebRequestAssetBundleModule.dll</key>
		<data>
		Emj1TMUv3oVN/gjgRV3r+ey8boE=
		</data>
		<key>Resources/Data/Managed/UnityEngine.UnityWebRequestAudioModule.dll</key>
		<data>
		OvKmN/pESRiUjnX9s8Jp2Q6tNz8=
		</data>
		<key>Resources/Data/Managed/UnityEngine.UnityWebRequestModule.dll</key>
		<data>
		pqRXeOIfbIlcLGDn92B9vzlrc6Q=
		</data>
		<key>Resources/Data/Managed/UnityEngine.UnityWebRequestTextureModule.dll</key>
		<data>
		Y2/5fj6Bplxtye6tPBV8sZwyBwA=
		</data>
		<key>Resources/Data/Managed/UnityEngine.UnityWebRequestWWWModule.dll</key>
		<data>
		u2J+sQT+WeB9+OVj/hk/RiIFguA=
		</data>
		<key>Resources/Data/Managed/UnityEngine.VFXModule.dll</key>
		<data>
		C24bSJO4wquVuD9w9QrOQe5oY8o=
		</data>
		<key>Resources/Data/Managed/UnityEngine.VRModule.dll</key>
		<data>
		RqDvbNTscGyBYUFDJJ0TxoEIdzw=
		</data>
		<key>Resources/Data/Managed/UnityEngine.VehiclesModule.dll</key>
		<data>
		/cRVwP8bHmMHRcXusCWnW9g32qg=
		</data>
		<key>Resources/Data/Managed/UnityEngine.VideoModule.dll</key>
		<data>
		5rY3y5wrdUQYWT6195TqGoWORuM=
		</data>
		<key>Resources/Data/Managed/UnityEngine.VirtualTexturingModule.dll</key>
		<data>
		JjVSiyRFL+f7scm+JYafuug4Hew=
		</data>
		<key>Resources/Data/Managed/UnityEngine.WindModule.dll</key>
		<data>
		1UM9erTqBhTrd870V4ZZeqbx4Ys=
		</data>
		<key>Resources/Data/Managed/UnityEngine.XRModule.dll</key>
		<data>
		dy0HHm6A1YRkWTSvJYCx1lALHjk=
		</data>
		<key>Resources/Data/Managed/UnityEngine.dll</key>
		<data>
		1igluYrLV3cOtM8boQoxK5mn8iM=
		</data>
		<key>Resources/Data/Managed/mscorlib.dll</key>
		<data>
		JDoE2QpzbdFKo4qyXxAlYYOCFQo=
		</data>
		<key>Resources/Data/Managed/netstandard.dll</key>
		<data>
		fIAi//MKRboElA67fvkkqRRgVuM=
		</data>
		<key>Resources/Data/Resources/unity_builtin_extra</key>
		<data>
		564d3gF4Jktyz1sf1Hv306IuSK0=
		</data>
		<key>Resources/Data/RuntimeInitializeOnLoads.json</key>
		<data>
		0uLZKz5Op1erRRv+CS9Q8MFC2qo=
		</data>
		<key>Resources/Data/ScriptingAssemblies.json</key>
		<data>
		yaXuF7CTcyDonzlBOO/RE+nnozo=
		</data>
		<key>Resources/Data/app.info</key>
		<data>
		uhmj4Zj/AO5iw2TdV/jTOyjJCCI=
		</data>
		<key>Resources/Data/boot.config</key>
		<data>
		B1FkgzcuObgo+KTYpvPhPypgeyI=
		</data>
		<key>Resources/Data/globalgamemanagers</key>
		<data>
		cBNDXaPokQGsyeaYHI0v1Rj70N4=
		</data>
		<key>Resources/Data/globalgamemanagers.assets</key>
		<data>
		ieD9B6FdilmnEyDe4asYGuDiUII=
		</data>
		<key>Resources/Data/level0</key>
		<data>
		QP98bhM61Xj7IsC0xPN9WR57DVk=
		</data>
		<key>Resources/Data/level1</key>
		<data>
		JXxNn8H4Su2k6CCXZlfxO6Hfv6A=
		</data>
		<key>Resources/Data/level2</key>
		<data>
		99SwzDxZars6NZvjwqOPaz2pjPw=
		</data>
		<key>Resources/Data/level3</key>
		<data>
		Ua1of3FM4NuV1z7D/3GnTJtYpBI=
		</data>
		<key>Resources/Data/resources.assets</key>
		<data>
		ztdisACBhhfQ5UmQtsZ+pW7haS8=
		</data>
		<key>Resources/Data/resources.assets.resS</key>
		<data>
		uA4Ty5DOX8b3Y4Q6fGEwehcvJa4=
		</data>
		<key>Resources/Data/sharedassets0.assets</key>
		<data>
		qb6pXE2HF55MT7287CvfcCteUOM=
		</data>
		<key>Resources/Data/sharedassets0.assets.resS</key>
		<data>
		+ke0X+eUAWhIgV63dp/mOrlrUa4=
		</data>
		<key>Resources/Data/sharedassets0.resource</key>
		<data>
		wFk1PyL4VufyDDtmFj1tIMyydOc=
		</data>
		<key>Resources/Data/sharedassets1.assets</key>
		<data>
		NOrrCXkh6grkqAbvLie2yC3B6Xs=
		</data>
		<key>Resources/Data/sharedassets1.assets.resS</key>
		<data>
		trPS5boDTd1uiyB0L/RPHpdcrYg=
		</data>
		<key>Resources/Data/sharedassets1.resource</key>
		<data>
		cuuCSRr7jc/wWimA7fis4yt+iQ0=
		</data>
		<key>Resources/Data/sharedassets2.assets</key>
		<data>
		6wsKWGu85SgfHihHM32F+keWseY=
		</data>
		<key>Resources/Data/sharedassets2.assets.resS</key>
		<data>
		BEjDpqawx1lqq2IUdfZETJIML8M=
		</data>
		<key>Resources/Data/sharedassets3.assets</key>
		<data>
		GQkXLMKnhK81cAXKtMtgs0grtxs=
		</data>
		<key>Resources/Data/sharedassets3.assets.resS</key>
		<data>
		ZXmcPkkWiYVPhbUIjYLDSbw9gvk=
		</data>
		<key>Resources/DefaultPreferences.plist</key>
		<data>
		3DR96mnSSgPY7DcLeXS3+p5xOMM=
		</data>
		<key>Resources/MainMenu.nib/designable.nib</key>
		<data>
		2IP4b7ubCnWV55RHCalaHT5vaGQ=
		</data>
		<key>Resources/MainMenu.nib/keyedobjects.nib</key>
		<data>
		0pKU0tdl1Ei4v7c0cAAQPj+MzEY=
		</data>
		<key>Resources/PlayerIcon.icns</key>
		<data>
		n8p/1zCsQB/yzH3pJT1LJWM0IlE=
		</data>
		<key>Resources/unity default resources</key>
		<data>
		iYlxaXRZJPWNfGCnHiwBnjpmtOc=
		</data>
	</dict>
	<key>files2</key>
	<dict>
		<key>Frameworks/UnityPlayer.dylib</key>
		<dict>
			<key>cdhash</key>
			<data>
			NzJkjr6cYs0XFF9bqra43bCVoiM=
			</data>
			<key>requirement</key>
			<string>cdhash H"3732648ebe9c62cd17145f5baab6b8ddb095a223" or cdhash H"d285377404612b736d258e09fbdfe9e6e65012ab"</string>
		</dict>
		<key>Frameworks/libMonoPosixHelper.dylib</key>
		<dict>
			<key>cdhash</key>
			<data>
			kG4mLGReL3KEDBq/N8ZwxnyKYJw=
			</data>
			<key>requirement</key>
			<string>cdhash H"906e262c645e2f72840c1abf37c670c67c8a609c" or cdhash H"8003bef71c9e0caaa036280de9d0b0366b9a4f5c"</string>
		</dict>
		<key>Frameworks/libmonobdwgc-2.0.dylib</key>
		<dict>
			<key>cdhash</key>
			<data>
			0W+Pgmp3YbJxzUZzPKrSDaVTuT0=
			</data>
			<key>requirement</key>
			<string>cdhash H"d16f8f826a7761b271cd46733caad20da553b93d" or cdhash H"38ed7b98536d253a910a51c734bcef95d670c1ce"</string>
		</dict>
		<key>MonoBleedingEdge/etc/mono/2.0/Browsers/Compat.browser</key>
		<dict>
			<key>hash2</key>
			<data>
			ihCCBXrFaB3NTpwiftf7jrQqwWGJY7XeO2Vzndd+J0E=
			</data>
		</dict>
		<key>MonoBleedingEdge/etc/mono/2.0/DefaultWsdlHelpGenerator.aspx</key>
		<dict>
			<key>hash2</key>
			<data>
			dRhhBAtp6mOjgnUHt8janH9UncGBwcivS3ynjMl9cQo=
			</data>
		</dict>
		<key>MonoBleedingEdge/etc/mono/2.0/machine.config</key>
		<dict>
			<key>hash2</key>
			<data>
			7cW89oXZMKYHvAl5JyYKP5rH9S3YCdtoFYKYv9k0t84=
			</data>
		</dict>
		<key>MonoBleedingEdge/etc/mono/2.0/settings.map</key>
		<dict>
			<key>hash2</key>
			<data>
			ScYWD51Ur0Jwo7Tpl/xKgwH3m54gcBGPpG3by7xE+aI=
			</data>
		</dict>
		<key>MonoBleedingEdge/etc/mono/2.0/web.config</key>
		<dict>
			<key>hash2</key>
			<data>
			PBp2pYSQdLQ30pdlaiCKO+9thLmCFTVCuceXBGxgHfw=
			</data>
		</dict>
		<key>MonoBleedingEdge/etc/mono/4.0/Browsers/Compat.browser</key>
		<dict>
			<key>hash2</key>
			<data>
			ihCCBXrFaB3NTpwiftf7jrQqwWGJY7XeO2Vzndd+J0E=
			</data>
		</dict>
		<key>MonoBleedingEdge/etc/mono/4.0/DefaultWsdlHelpGenerator.aspx</key>
		<dict>
			<key>hash2</key>
			<data>
			dRhhBAtp6mOjgnUHt8janH9UncGBwcivS3ynjMl9cQo=
			</data>
		</dict>
		<key>MonoBleedingEdge/etc/mono/4.0/machine.config</key>
		<dict>
			<key>hash2</key>
			<data>
			aRnVr1Bqrg2T6RvYNBioGJWlVUufVM+UqtINAlpNtmQ=
			</data>
		</dict>
		<key>MonoBleedingEdge/etc/mono/4.0/settings.map</key>
		<dict>
			<key>hash2</key>
			<data>
			zh2xrYqVEgcxZOPszcGT9+2gNuGpczyuxGNd4hsoZcg=
			</data>
		</dict>
		<key>MonoBleedingEdge/etc/mono/4.0/web.config</key>
		<dict>
			<key>hash2</key>
			<data>
			8aZBbu7dnQQDh/2F3PfW4HS2ZExoKdCL4iD/n8Mu+zE=
			</data>
		</dict>
		<key>MonoBleedingEdge/etc/mono/4.5/Browsers/Compat.browser</key>
		<dict>
			<key>hash2</key>
			<data>
			ihCCBXrFaB3NTpwiftf7jrQqwWGJY7XeO2Vzndd+J0E=
			</data>
		</dict>
		<key>MonoBleedingEdge/etc/mono/4.5/DefaultWsdlHelpGenerator.aspx</key>
		<dict>
			<key>hash2</key>
			<data>
			dRhhBAtp6mOjgnUHt8janH9UncGBwcivS3ynjMl9cQo=
			</data>
		</dict>
		<key>MonoBleedingEdge/etc/mono/4.5/machine.config</key>
		<dict>
			<key>hash2</key>
			<data>
			75uThxaP0d1smW+WwTTZxE+OsG+VhwBL+ZclKlIBgtY=
			</data>
		</dict>
		<key>MonoBleedingEdge/etc/mono/4.5/settings.map</key>
		<dict>
			<key>hash2</key>
			<data>
			zh2xrYqVEgcxZOPszcGT9+2gNuGpczyuxGNd4hsoZcg=
			</data>
		</dict>
		<key>MonoBleedingEdge/etc/mono/4.5/web.config</key>
		<dict>
			<key>hash2</key>
			<data>
			FaLHqSQr9U08yz4H+m2PhLqLMD2IdyQ3h6EQMAmUG9s=
			</data>
		</dict>
		<key>MonoBleedingEdge/etc/mono/browscap.ini</key>
		<dict>
			<key>hash2</key>
			<data>
			Td1Q8x+5aPML7e/CU6Rtw/KJAZLQXNqp4KZKBW7ugH4=
			</data>
		</dict>
		<key>MonoBleedingEdge/etc/mono/config</key>
		<dict>
			<key>hash2</key>
			<data>
			YAmc+RuxpXF/wfLSPPNqYdO/tw2Uifu29LrpjFYL89U=
			</data>
		</dict>
		<key>MonoBleedingEdge/etc/mono/mconfig/config.xml</key>
		<dict>
			<key>hash2</key>
			<data>
			DFbjTGkSRRD6jBnntMLKbBxP9GCuGfeY3QygNYCeOW0=
			</data>
		</dict>
		<key>Resources/Data/Managed/Assembly-CSharp.dll</key>
		<dict>
			<key>hash2</key>
			<data>
			Tczx1y2XSdaKxolVaGUyLnz1aPjXv7bFokeF5vk0UZI=
			</data>
		</dict>
		<key>Resources/Data/Managed/AstarPathfindingProject.dll</key>
		<dict>
			<key>hash2</key>
			<data>
			fRQh/Y+tOI+fn2ZVLepF9xsgDNgaIekpqi/jbAFSF+U=
			</data>
		</dict>
		<key>Resources/Data/Managed/Mono.Security.dll</key>
		<dict>
			<key>hash2</key>
			<data>
			jEeyM4n57t4GhoPti2S1pGb5hkmREpgykHeLMKzP0bo=
			</data>
		</dict>
		<key>Resources/Data/Managed/Newtonsoft.Json.dll</key>
		<dict>
			<key>hash2</key>
			<data>
			dZrMql+3vdtUos6rkqPYq1B1AzPsc7YmBa6mFl0cpt0=
			</data>
		</dict>
		<key>Resources/Data/Managed/Pathfinding.Ionic.Zip.Reduced.dll</key>
		<dict>
			<key>hash2</key>
			<data>
			SBzA+aU6m6lPjqP8D7KlILQYEsL9xqsQWBdR6tp0PTQ=
			</data>
		</dict>
		<key>Resources/Data/Managed/System.ComponentModel.Composition.dll</key>
		<dict>
			<key>hash2</key>
			<data>
			WWUAwV6Q1LY1c6GdopIAnJWwLgUAX0gHfX/AhQ3SIP0=
			</data>
		</dict>
		<key>Resources/Data/Managed/System.Configuration.dll</key>
		<dict>
			<key>hash2</key>
			<data>
			eFw5YRXgsIbF/aVR6JxVolAkG0zhZe8jer7Wax6P6Dw=
			</data>
		</dict>
		<key>Resources/Data/Managed/System.Core.dll</key>
		<dict>
			<key>hash2</key>
			<data>
			LXAtIR006blMoYpe8QpsKw+kD7LLCXUTSMfVvU3/7QI=
			</data>
		</dict>
		<key>Resources/Data/Managed/System.Data.dll</key>
		<dict>
			<key>hash2</key>
			<data>
			I9roN56MQS9pyqBmi+QRyHZyp3XORz4Y+vAfVsEU4Hk=
			</data>
		</dict>
		<key>Resources/Data/Managed/System.Diagnostics.StackTrace.dll</key>
		<dict>
			<key>hash2</key>
			<data>
			RwHoQwWWdKzMHIcDjsQfPOy63OKmV1X1J8i2WwzryM4=
			</data>
		</dict>
		<key>Resources/Data/Managed/System.Drawing.dll</key>
		<dict>
			<key>hash2</key>
			<data>
			Qdf5kHxD0cndo81Kntp2yDbcx9r39le6mT9rbZwUauE=
			</data>
		</dict>
		<key>Resources/Data/Managed/System.EnterpriseServices.dll</key>
		<dict>
			<key>hash2</key>
			<data>
			5yuxLNeHTa3L5uCRVBh6CuCTZ+k5pRN0FS8U/dbqtNc=
			</data>
		</dict>
		<key>Resources/Data/Managed/System.Globalization.Extensions.dll</key>
		<dict>
			<key>hash2</key>
			<data>
			Toxa00UEULprxqR0MA8kRQlIcPK8ycoWRy+y8624jr0=
			</data>
		</dict>
		<key>Resources/Data/Managed/System.IO.Compression.FileSystem.dll</key>
		<dict>
			<key>hash2</key>
			<data>
			Ihq+TuoANHxRrHQJtHunsIzP2q6ONucGqO4NTebOuHo=
			</data>
		</dict>
		<key>Resources/Data/Managed/System.IO.Compression.dll</key>
		<dict>
			<key>hash2</key>
			<data>
			YEXRbmWDT2eyYENZoTekt0Q0KTgTzKsNhrNMX3sXhfo=
			</data>
		</dict>
		<key>Resources/Data/Managed/System.Net.Http.dll</key>
		<dict>
			<key>hash2</key>
			<data>
			cSLtlWvpvHiUfIk2BfNed1BmUsYcnM7SuhQVbt9+59U=
			</data>
		</dict>
		<key>Resources/Data/Managed/System.Numerics.dll</key>
		<dict>
			<key>hash2</key>
			<data>
			AdOy3WN12kN4uMmVGmu7SZfdagZRdT5XNqobBYcBXzU=
			</data>
		</dict>
		<key>Resources/Data/Managed/System.Runtime.Serialization.Xml.dll</key>
		<dict>
			<key>hash2</key>
			<data>
			I5Tf8gmVThQ3lb7bqOycc34X7NluOjoC3m18JjHwQVI=
			</data>
		</dict>
		<key>Resources/Data/Managed/System.Runtime.Serialization.dll</key>
		<dict>
			<key>hash2</key>
			<data>
			mIVkpqbN1+/I1UFDTM/5a7wvf5NJKQsO+vVzUEbNWC8=
			</data>
		</dict>
		<key>Resources/Data/Managed/System.ServiceModel.Internals.dll</key>
		<dict>
			<key>hash2</key>
			<data>
			qyfdKv36tz3TbFuQpULHimmCLYrdK7o8yV24mQsj9MQ=
			</data>
		</dict>
		<key>Resources/Data/Managed/System.Transactions.dll</key>
		<dict>
			<key>hash2</key>
			<data>
			/3iotogJU1wdk8xuURx54NL4XZezWNoqinbsqMjy5Lw=
			</data>
		</dict>
		<key>Resources/Data/Managed/System.Xml.Linq.dll</key>
		<dict>
			<key>hash2</key>
			<data>
			cVIZfC1ptgokua8zI7Rbdr3p+fY6RHxpCQZWKJrDLB4=
			</data>
		</dict>
		<key>Resources/Data/Managed/System.Xml.XPath.XDocument.dll</key>
		<dict>
			<key>hash2</key>
			<data>
			xTMH7WXhC+fyUu6Mk6YmGvenxEtQBmMfV5UGJMPwb14=
			</data>
		</dict>
		<key>Resources/Data/Managed/System.Xml.dll</key>
		<dict>
			<key>hash2</key>
			<data>
			goPhdkRmlcBIa4sc2nWBF46d3VzrSYc919pRlzBJdgk=
			</data>
		</dict>
		<key>Resources/Data/Managed/System.dll</key>
		<dict>
			<key>hash2</key>
			<data>
			RP88KBenXyJ0+nH6pFO7fiMWJrjXOYu1ztcqglkxn7k=
			</data>
		</dict>
		<key>Resources/Data/Managed/Unity.TextMeshPro.dll</key>
		<dict>
			<key>hash2</key>
			<data>
			sMg7CWDxThWYZPx0vw/lmGIEQ1lZoB3QfdnRaAoqcfw=
			</data>
		</dict>
		<key>Resources/Data/Managed/Unity.Timeline.dll</key>
		<dict>
			<key>hash2</key>
			<data>
			vERGdOMqlcK/KiIdfjbEnhQyc0fGPfwWRuQH3OuX2RA=
			</data>
		</dict>
		<key>Resources/Data/Managed/UnityEngine.AIModule.dll</key>
		<dict>
			<key>hash2</key>
			<data>
			hMirqilT9skhjahqfHH3lJJpxVavoqhQCDmeqqCm/I8=
			</data>
		</dict>
		<key>Resources/Data/Managed/UnityEngine.ARModule.dll</key>
		<dict>
			<key>hash2</key>
			<data>
			TpyS62jamaG0X4BW0lP+Jt2dAIrRBEfOopvl4Ygkkzw=
			</data>
		</dict>
		<key>Resources/Data/Managed/UnityEngine.AccessibilityModule.dll</key>
		<dict>
			<key>hash2</key>
			<data>
			wA3AV+9acB0CCLvhvDP8QjyDS4gVlsenYO3Hpm6P37Y=
			</data>
		</dict>
		<key>Resources/Data/Managed/UnityEngine.AndroidJNIModule.dll</key>
		<dict>
			<key>hash2</key>
			<data>
			cie7TZNWpSH+2KOt9pCeIMm7uVA+ZoYMiRPj9wE+bIY=
			</data>
		</dict>
		<key>Resources/Data/Managed/UnityEngine.AnimationModule.dll</key>
		<dict>
			<key>hash2</key>
			<data>
			xJoCcfW0YYp+cLG1gvF/LR0apMT/B1t9O0OQOQ17cMg=
			</data>
		</dict>
		<key>Resources/Data/Managed/UnityEngine.AssetBundleModule.dll</key>
		<dict>
			<key>hash2</key>
			<data>
			e602VRwgRZrKIuim/r0tgOZvtZF3lMl3vonX7MqTGqk=
			</data>
		</dict>
		<key>Resources/Data/Managed/UnityEngine.AudioModule.dll</key>
		<dict>
			<key>hash2</key>
			<data>
			fevMHiYekPX7UUY4VHCY6iEXCj7nNft93YdB5OPon+I=
			</data>
		</dict>
		<key>Resources/Data/Managed/UnityEngine.ClothModule.dll</key>
		<dict>
			<key>hash2</key>
			<data>
			Jr/acy28gdFXCu/WeAtRerXiAaMkVwBgV4KKtsYs2lI=
			</data>
		</dict>
		<key>Resources/Data/Managed/UnityEngine.ClusterInputModule.dll</key>
		<dict>
			<key>hash2</key>
			<data>
			2Ln4KkAfEJFHcjf8HFAIbFZHVUkiLnq48yllvb0GtvU=
			</data>
		</dict>
		<key>Resources/Data/Managed/UnityEngine.ClusterRendererModule.dll</key>
		<dict>
			<key>hash2</key>
			<data>
			r5+HxeaMecYCugHYu6hvVdRgEK72fQRqOcSL9mqEGsk=
			</data>
		</dict>
		<key>Resources/Data/Managed/UnityEngine.CoreModule.dll</key>
		<dict>
			<key>hash2</key>
			<data>
			UNOcUH8e+xtZWc9/vlNUpUUJDtZ6KKlrKlWgKBv6o9w=
			</data>
		</dict>
		<key>Resources/Data/Managed/UnityEngine.CrashReportingModule.dll</key>
		<dict>
			<key>hash2</key>
			<data>
			blxC5yBYcyH1zVVJ+SgxEFNTeQuFAolL5KudcnSYxt8=
			</data>
		</dict>
		<key>Resources/Data/Managed/UnityEngine.DSPGraphModule.dll</key>
		<dict>
			<key>hash2</key>
			<data>
			ZWEZCQ9N4numIF93oXZOs25UKdCLTPh8N/jim4d/f1k=
			</data>
		</dict>
		<key>Resources/Data/Managed/UnityEngine.DirectorModule.dll</key>
		<dict>
			<key>hash2</key>
			<data>
			YnmJB1GjeiueMXnkCjl1LcJbTQX3mtlHPGEopN4UhRU=
			</data>
		</dict>
		<key>Resources/Data/Managed/UnityEngine.GIModule.dll</key>
		<dict>
			<key>hash2</key>
			<data>
			x7jcRru18YNeKpReiXiSPVbpKTL81oRAlmd7usp/ml0=
			</data>
		</dict>
		<key>Resources/Data/Managed/UnityEngine.GameCenterModule.dll</key>
		<dict>
			<key>hash2</key>
			<data>
			MJ6vzAD34g98GTlswcPnyRw6Bgh9I+0hM5TndKoN++o=
			</data>
		</dict>
		<key>Resources/Data/Managed/UnityEngine.GridModule.dll</key>
		<dict>
			<key>hash2</key>
			<data>
			V65dJPd9te3fqFLEr/B0jFRxa03POPVBvZ7AtJ3Z9+8=
			</data>
		</dict>
		<key>Resources/Data/Managed/UnityEngine.HotReloadModule.dll</key>
		<dict>
			<key>hash2</key>
			<data>
			Wnj/0s1atyTe9Hfz8ugc+5s2eVadbKTJZiTchzuzSmg=
			</data>
		</dict>
		<key>Resources/Data/Managed/UnityEngine.IMGUIModule.dll</key>
		<dict>
			<key>hash2</key>
			<data>
			6kFaTHBJy9/jPjbmdOgAtLKgmLFgVxshlYxb5C5rOUA=
			</data>
		</dict>
		<key>Resources/Data/Managed/UnityEngine.ImageConversionModule.dll</key>
		<dict>
			<key>hash2</key>
			<data>
			mtYeEV2cghGCcAr4Ph6BSQ42VWeHrup4i8U3iQh+/z4=
			</data>
		</dict>
		<key>Resources/Data/Managed/UnityEngine.InputLegacyModule.dll</key>
		<dict>
			<key>hash2</key>
			<data>
			ATa/HRaw7XiuU/Z6HIEcgmmRJDbRhFXUTpXsPu8+5yQ=
			</data>
		</dict>
		<key>Resources/Data/Managed/UnityEngine.InputModule.dll</key>
		<dict>
			<key>hash2</key>
			<data>
			QHcfl4MQN/wtCnu9WAze+wJQqc5Dj/75mjUAOFQS8hY=
			</data>
		</dict>
		<key>Resources/Data/Managed/UnityEngine.JSONSerializeModule.dll</key>
		<dict>
			<key>hash2</key>
			<data>
			IWlnz8VFVE/rA40WqStFeyu/E2M0vJEtFJtzujEWdpQ=
			</data>
		</dict>
		<key>Resources/Data/Managed/UnityEngine.LocalizationModule.dll</key>
		<dict>
			<key>hash2</key>
			<data>
			7SfL2tvCJOjZa6tpTHR7q9OG/BfY6QRsC9uvtwgSqgo=
			</data>
		</dict>
		<key>Resources/Data/Managed/UnityEngine.ParticleSystemModule.dll</key>
		<dict>
			<key>hash2</key>
			<data>
			KjM8HPvr8U84To0RgzGrIkZ3wOpPjdnQYRLrd6/Hi74=
			</data>
		</dict>
		<key>Resources/Data/Managed/UnityEngine.PerformanceReportingModule.dll</key>
		<dict>
			<key>hash2</key>
			<data>
			QMcXzoqhb1NKYGGsomUq6Itz2ALicbFvAnwblPVgrKE=
			</data>
		</dict>
		<key>Resources/Data/Managed/UnityEngine.Physics2DModule.dll</key>
		<dict>
			<key>hash2</key>
			<data>
			HfrryW5NTFnyLAdi7S3qsQOffyC6mmV/PHyyMYXdPq4=
			</data>
		</dict>
		<key>Resources/Data/Managed/UnityEngine.PhysicsModule.dll</key>
		<dict>
			<key>hash2</key>
			<data>
			gYaE1/8E3UC59Lijc74T/cCZHR/eqRMgOo6MHKs9Ub0=
			</data>
		</dict>
		<key>Resources/Data/Managed/UnityEngine.ProfilerModule.dll</key>
		<dict>
			<key>hash2</key>
			<data>
			U/WJ5wApRuC1dqxUcOp37aWo+5NtjMntm4KcIj8ZpR0=
			</data>
		</dict>
		<key>Resources/Data/Managed/UnityEngine.RuntimeInitializeOnLoadManagerInitializerModule.dll</key>
		<dict>
			<key>hash2</key>
			<data>
			jU8hkGFWf8bK9izfbVIkTn3HezQsGwdhZ0lcBzCGPTI=
			</data>
		</dict>
		<key>Resources/Data/Managed/UnityEngine.ScreenCaptureModule.dll</key>
		<dict>
			<key>hash2</key>
			<data>
			5vfBAMQurZdnnk7QE52ZjW98LpKbPfmI4OkIcI9Grpw=
			</data>
		</dict>
		<key>Resources/Data/Managed/UnityEngine.SharedInternalsModule.dll</key>
		<dict>
			<key>hash2</key>
			<data>
			235EozW+Y/GqBMUvfShpRNCcbi3Dus6Pv3E6CkV/aQU=
			</data>
		</dict>
		<key>Resources/Data/Managed/UnityEngine.SpriteMaskModule.dll</key>
		<dict>
			<key>hash2</key>
			<data>
			IYU9L157mQJxwUUp3DzLE00Y6ct/Plarky/jLoDAiTY=
			</data>
		</dict>
		<key>Resources/Data/Managed/UnityEngine.SpriteShapeModule.dll</key>
		<dict>
			<key>hash2</key>
			<data>
			NFDEHv6PwDwKYp/6GLQi/KGbjEJlwBGscmw1W2/AvWc=
			</data>
		</dict>
		<key>Resources/Data/Managed/UnityEngine.StreamingModule.dll</key>
		<dict>
			<key>hash2</key>
			<data>
			20/83QHA4cEIfBiqmHblCRUXCSjMlW+6R5oYQp0+zUM=
			</data>
		</dict>
		<key>Resources/Data/Managed/UnityEngine.SubstanceModule.dll</key>
		<dict>
			<key>hash2</key>
			<data>
			DDVoIJoqNPSZXqBkMrWXYGwPx2M20supabXowS9O4k8=
			</data>
		</dict>
		<key>Resources/Data/Managed/UnityEngine.SubsystemsModule.dll</key>
		<dict>
			<key>hash2</key>
			<data>
			Texzkc1q5DsDRxfH3F2UYOxBa8tvawspR8PQ6v0zky4=
			</data>
		</dict>
		<key>Resources/Data/Managed/UnityEngine.TLSModule.dll</key>
		<dict>
			<key>hash2</key>
			<data>
			jwpEVl2W2yTEZ7e5gaLFVVkHgfrjKrnQDga+V7SA4tE=
			</data>
		</dict>
		<key>Resources/Data/Managed/UnityEngine.TerrainModule.dll</key>
		<dict>
			<key>hash2</key>
			<data>
			l3v6TbbsVxzbxfNCqyqXJdc1WdqXQ0FYwUE935Ff/9w=
			</data>
		</dict>
		<key>Resources/Data/Managed/UnityEngine.TerrainPhysicsModule.dll</key>
		<dict>
			<key>hash2</key>
			<data>
			EgJs18DOzmZeTA7mWSJ92VBHo1UZt47Bo83ewStzPak=
			</data>
		</dict>
		<key>Resources/Data/Managed/UnityEngine.TextCoreModule.dll</key>
		<dict>
			<key>hash2</key>
			<data>
			ouzzB1OU5hX7I01OtmmfOY53ZQBEu54xQNLq3AzgVHE=
			</data>
		</dict>
		<key>Resources/Data/Managed/UnityEngine.TextRenderingModule.dll</key>
		<dict>
			<key>hash2</key>
			<data>
			RucB0o084XjogQjncxznbaD2TRGhuymozgUPe8bBXZs=
			</data>
		</dict>
		<key>Resources/Data/Managed/UnityEngine.TilemapModule.dll</key>
		<dict>
			<key>hash2</key>
			<data>
			0ejzCKN7x1tlgneW8DMffTdl23oodN7JvZM3SnmmdN8=
			</data>
		</dict>
		<key>Resources/Data/Managed/UnityEngine.UI.dll</key>
		<dict>
			<key>hash2</key>
			<data>
			dIUQqnYvpW1e6+cFsiqlzT9KeqFFO8NPPWBUMBqRpwo=
			</data>
		</dict>
		<key>Resources/Data/Managed/UnityEngine.UIElementsModule.dll</key>
		<dict>
			<key>hash2</key>
			<data>
			D8mf6FVokINxyhXA/nHcqYAvsGY6MGlQxLB0T+Oad5w=
			</data>
		</dict>
		<key>Resources/Data/Managed/UnityEngine.UIElementsNativeModule.dll</key>
		<dict>
			<key>hash2</key>
			<data>
			f1NVsjtQgjwPuuZvaUm51UXP5EadBn4K06ppXw0KVH8=
			</data>
		</dict>
		<key>Resources/Data/Managed/UnityEngine.UIModule.dll</key>
		<dict>
			<key>hash2</key>
			<data>
			iSHtd9X6smSdwoJg8f/Cp5y6IlDncy6AI7nnc32doH0=
			</data>
		</dict>
		<key>Resources/Data/Managed/UnityEngine.UNETModule.dll</key>
		<dict>
			<key>hash2</key>
			<data>
			wp98Ti1Lon0b9qln3+qCmBqkcxicfrl0cNMgEYgr7GI=
			</data>
		</dict>
		<key>Resources/Data/Managed/UnityEngine.UmbraModule.dll</key>
		<dict>
			<key>hash2</key>
			<data>
			n5uxLWePYxFT6z6P14atiBV5fn4cjO46nbvoJpRtgW0=
			</data>
		</dict>
		<key>Resources/Data/Managed/UnityEngine.UnityAnalyticsModule.dll</key>
		<dict>
			<key>hash2</key>
			<data>
			u2tTef3dZaKcDsHfWwGdMMbEH0suZn1UgnNBuTPVn+c=
			</data>
		</dict>
		<key>Resources/Data/Managed/UnityEngine.UnityConnectModule.dll</key>
		<dict>
			<key>hash2</key>
			<data>
			iAgtTAbKa+upaexId4kYVNNjLCluvIllqDR1RGAShhE=
			</data>
		</dict>
		<key>Resources/Data/Managed/UnityEngine.UnityCurlModule.dll</key>
		<dict>
			<key>hash2</key>
			<data>
			nPtBiLDLnlv/DsVcvWTRWdx6PsG7ufHtPEERBhULTiY=
			</data>
		</dict>
		<key>Resources/Data/Managed/UnityEngine.UnityTestProtocolModule.dll</key>
		<dict>
			<key>hash2</key>
			<data>
			w6D3w9Z028DHcaR1odu1/1ELFqxMpC1YVTMn2XrNlwI=
			</data>
		</dict>
		<key>Resources/Data/Managed/UnityEngine.UnityWebRequestAssetBundleModule.dll</key>
		<dict>
			<key>hash2</key>
			<data>
			FFIDaIADr1yWDSTSTU1dTkie+WBDxedqR/YbgYVdjOw=
			</data>
		</dict>
		<key>Resources/Data/Managed/UnityEngine.UnityWebRequestAudioModule.dll</key>
		<dict>
			<key>hash2</key>
			<data>
			sLtbCUcVOtD7YjRtMsNWf08nCnagBNjnvECggmJjEQM=
			</data>
		</dict>
		<key>Resources/Data/Managed/UnityEngine.UnityWebRequestModule.dll</key>
		<dict>
			<key>hash2</key>
			<data>
			8+HfzJQIJXaObbMlsX6fckAm/juY5Pa2oQx8yfimUF0=
			</data>
		</dict>
		<key>Resources/Data/Managed/UnityEngine.UnityWebRequestTextureModule.dll</key>
		<dict>
			<key>hash2</key>
			<data>
			7KTGAmzZ4CORJFY/HCRG4WrrQiMKXW6gyMzfLadZyGo=
			</data>
		</dict>
		<key>Resources/Data/Managed/UnityEngine.UnityWebRequestWWWModule.dll</key>
		<dict>
			<key>hash2</key>
			<data>
			i8upfqBRjo1OTyy4gN3xJ9/BNUnQnxu/6H3tDb0ABHk=
			</data>
		</dict>
		<key>Resources/Data/Managed/UnityEngine.VFXModule.dll</key>
		<dict>
			<key>hash2</key>
			<data>
			apyuYzmSaqMMpBeRlAqO5uinYTZYYKxWkj9U2fkVywc=
			</data>
		</dict>
		<key>Resources/Data/Managed/UnityEngine.VRModule.dll</key>
		<dict>
			<key>hash2</key>
			<data>
			j5LTBEjeKmZbw7r8JYEtX9K1iDsYA4IW4+dm1QPAD28=
			</data>
		</dict>
		<key>Resources/Data/Managed/UnityEngine.VehiclesModule.dll</key>
		<dict>
			<key>hash2</key>
			<data>
			Uvmaqhe5zbNynunkzn+7AysqUsMyNLGGDcZuAbnd+xw=
			</data>
		</dict>
		<key>Resources/Data/Managed/UnityEngine.VideoModule.dll</key>
		<dict>
			<key>hash2</key>
			<data>
			0+OdILLb7Uri5iLs2csTpCz14vwWS84/6zWwtDMmP60=
			</data>
		</dict>
		<key>Resources/Data/Managed/UnityEngine.VirtualTexturingModule.dll</key>
		<dict>
			<key>hash2</key>
			<data>
			ZWrjW4YWlECQD4akzdA91WPgjERb0zkWYSN0Ii6oGkg=
			</data>
		</dict>
		<key>Resources/Data/Managed/UnityEngine.WindModule.dll</key>
		<dict>
			<key>hash2</key>
			<data>
			g6jgKXYyeVE6UI/ZiUBTygwPizG8G42kuAcc4PUqnPk=
			</data>
		</dict>
		<key>Resources/Data/Managed/UnityEngine.XRModule.dll</key>
		<dict>
			<key>hash2</key>
			<data>
			DJm7OmNqkNUvw8xiVkY65uogFbcsjYdILNcHMV/FnVQ=
			</data>
		</dict>
		<key>Resources/Data/Managed/UnityEngine.dll</key>
		<dict>
			<key>hash2</key>
			<data>
			e34sgfPxDr3BIkLmvZfUWcX9qvtPz6S1bv0Ut7QbqyU=
			</data>
		</dict>
		<key>Resources/Data/Managed/mscorlib.dll</key>
		<dict>
			<key>hash2</key>
			<data>
			76mDCVciTphB+ZMS4xRPg5fGMZzeY1q73p+xGGC2emw=
			</data>
		</dict>
		<key>Resources/Data/Managed/netstandard.dll</key>
		<dict>
			<key>hash2</key>
			<data>
			mUvgOesj2nsMFPwvosCbPKKnO7Mw6EAnWrgnUGNxbw4=
			</data>
		</dict>
		<key>Resources/Data/Resources/unity_builtin_extra</key>
		<dict>
			<key>hash2</key>
			<data>
			NQ+/1FpAZuCJM4Kx3jWLebHvj51RI6U/APiDjoQY/z8=
			</data>
		</dict>
		<key>Resources/Data/RuntimeInitializeOnLoads.json</key>
		<dict>
			<key>hash2</key>
			<data>
			ajPB79WUT+sMseAS4msww/Q/7JGOVkPnKrlFqcUE/xM=
			</data>
		</dict>
		<key>Resources/Data/ScriptingAssemblies.json</key>
		<dict>
			<key>hash2</key>
			<data>
			wUaF3DbLFjs5Ef4i055ervzOUyDMw5Rq15evMOcNiNA=
			</data>
		</dict>
		<key>Resources/Data/app.info</key>
		<dict>
			<key>hash2</key>
			<data>
			we2P0UXxKKRSikpiqCA5N8g7V/lFTjQDqZmIMod37Ok=
			</data>
		</dict>
		<key>Resources/Data/boot.config</key>
		<dict>
			<key>hash2</key>
			<data>
			JSAsjwyqgTnSIMHbgprARF3lIEcFmwPJIMfRRd3+tLo=
			</data>
		</dict>
		<key>Resources/Data/globalgamemanagers</key>
		<dict>
			<key>hash2</key>
			<data>
			wq46cg3hFMCe7Kw8T9mVsVIuSLFDTLenlAhruZZSbHc=
			</data>
		</dict>
		<key>Resources/Data/globalgamemanagers.assets</key>
		<dict>
			<key>hash2</key>
			<data>
			Dzwx8X1VCFO87yN6T39Ci9BtlLR2ye6JXoXWC0IyP+8=
			</data>
		</dict>
		<key>Resources/Data/level0</key>
		<dict>
			<key>hash2</key>
			<data>
			GJKhnS0hL7oR75aMslHw2qUbl1NjwlHpEaJd0SrvFjI=
			</data>
		</dict>
		<key>Resources/Data/level1</key>
		<dict>
			<key>hash2</key>
			<data>
			4p0sTmbKdtriq2JaWRaS6gz24Wq0nendbWYsrh4MUpI=
			</data>
		</dict>
		<key>Resources/Data/level2</key>
		<dict>
			<key>hash2</key>
			<data>
			OjG8mM/1ZpnNIVFzIwbny6Rk7neuv59WcF3V+WnoPZ8=
			</data>
		</dict>
		<key>Resources/Data/level3</key>
		<dict>
			<key>hash2</key>
			<data>
			JpgPB6UalScGgpR9s5PC9eAJWhy3jPI/iLFDz6KTUfs=
			</data>
		</dict>
		<key>Resources/Data/resources.assets</key>
		<dict>
			<key>hash2</key>
			<data>
			JNoFBQTr5NwGZOhToukvXrzTiW9MuCB+DsuNwcPwvRI=
			</data>
		</dict>
		<key>Resources/Data/resources.assets.resS</key>
		<dict>
			<key>hash2</key>
			<data>
			zZkdBxx3xcYlMpvLFd8S9M+NXk+DNPIvJ7HrOyT9B/Y=
			</data>
		</dict>
		<key>Resources/Data/sharedassets0.assets</key>
		<dict>
			<key>hash2</key>
			<data>
			VmFZTiZQjfbtOBYwz1O2LtLCMPzuEkiVAVfuk88K23Y=
			</data>
		</dict>
		<key>Resources/Data/sharedassets0.assets.resS</key>
		<dict>
			<key>hash2</key>
			<data>
			VNC2lDz0LBMThdrm8jw5qte/GH3VinxOAh3klhx6+44=
			</data>
		</dict>
		<key>Resources/Data/sharedassets0.resource</key>
		<dict>
			<key>hash2</key>
			<data>
			bj7DvzKDsAZMLhw56Xyl4ZC8c/ihmMo8DeQJeM9PtmU=
			</data>
		</dict>
		<key>Resources/Data/sharedassets1.assets</key>
		<dict>
			<key>hash2</key>
			<data>
			2y52LeK03YwWWMp/QQhx2+F8n/B43kezkwm4VQEQxE4=
			</data>
		</dict>
		<key>Resources/Data/sharedassets1.assets.resS</key>
		<dict>
			<key>hash2</key>
			<data>
			jMysmwRlJY+Zd4PxnDns4nYrIxVnRyoTSvZT4FVPU7I=
			</data>
		</dict>
		<key>Resources/Data/sharedassets1.resource</key>
		<dict>
			<key>hash2</key>
			<data>
			ScwnINGaKE/hBxQukn/EFfquScO03C9jd6PcKz7r6i8=
			</data>
		</dict>
		<key>Resources/Data/sharedassets2.assets</key>
		<dict>
			<key>hash2</key>
			<data>
			hz6eI91Lvs8YyqzsYoWAiavlRjlmM/1ZxkFQ+vCtT+Q=
			</data>
		</dict>
		<key>Resources/Data/sharedassets2.assets.resS</key>
		<dict>
			<key>hash2</key>
			<data>
			ByxSt7lXTYuUfEH0oYvY1CFgY10GLzdLcR/if5zJBhA=
			</data>
		</dict>
		<key>Resources/Data/sharedassets3.assets</key>
		<dict>
			<key>hash2</key>
			<data>
			xnDiLQlyaT+JdEoBz7EWkWVx8qDnOHeMIwmgixLO7m4=
			</data>
		</dict>
		<key>Resources/Data/sharedassets3.assets.resS</key>
		<dict>
			<key>hash2</key>
			<data>
			UPAfYwM7ozS4mldUpScweUdAozwJ3q4gtG8aZ1uNvXo=
			</data>
		</dict>
		<key>Resources/DefaultPreferences.plist</key>
		<dict>
			<key>hash2</key>
			<data>
			C3RIqHCqGVPBh7OIqo9tsgostvL0m7526fXUhUsbmcg=
			</data>
		</dict>
		<key>Resources/MainMenu.nib/designable.nib</key>
		<dict>
			<key>hash2</key>
			<data>
			VxiCIbqdyIm+TJ4D8MhnvOggcmSR4yovpJKGgfAG8wg=
			</data>
		</dict>
		<key>Resources/MainMenu.nib/keyedobjects.nib</key>
		<dict>
			<key>hash2</key>
			<data>
			H65bfG7psXp2exY2hnpBs+ROr49lSxxeLK+jJhRjEE0=
			</data>
		</dict>
		<key>Resources/PlayerIcon.icns</key>
		<dict>
			<key>hash2</key>
			<data>
			PbpPJDCWKOjnGIN5+P4PJvAo+AHZPHY+h88AuKusU0g=
			</data>
		</dict>
		<key>Resources/unity default resources</key>
		<dict>
			<key>hash2</key>
			<data>
			a7D+XK6eBYnM9VDhpFB8Dy28cAPow65UTPpkMU1DJfU=
			</data>
		</dict>
	</dict>
	<key>rules</key>
	<dict>
		<key>^Resources/</key>
		<true/>
		<key>^Resources/.*\.lproj/</key>
		<dict>
			<key>optional</key>
			<true/>
			<key>weight</key>
			<real>1000</real>
		</dict>
		<key>^Resources/.*\.lproj/locversion.plist$</key>
		<dict>
			<key>omit</key>
			<true/>
			<key>weight</key>
			<real>1100</real>
		</dict>
		<key>^Resources/Base\.lproj/</key>
		<dict>
			<key>weight</key>
			<real>1010</real>
		</dict>
		<key>^version.plist$</key>
		<true/>
	</dict>
	<key>rules2</key>
	<dict>
		<key>.*\.dSYM($|/)</key>
		<dict>
			<key>weight</key>
			<real>11</real>
		</dict>
		<key>^(.*/)?\.DS_Store$</key>
		<dict>
			<key>omit</key>
			<true/>
			<key>weight</key>
			<real>2000</real>
		</dict>
		<key>^(Frameworks|SharedFrameworks|PlugIns|Plug-ins|XPCServices|Helpers|MacOS|Library/(Automator|Spotlight|LoginItems))/</key>
		<dict>
			<key>nested</key>
			<true/>
			<key>weight</key>
			<real>10</real>
		</dict>
		<key>^.*</key>
		<true/>
		<key>^Info\.plist$</key>
		<dict>
			<key>omit</key>
			<true/>
			<key>weight</key>
			<real>20</real>
		</dict>
		<key>^PkgInfo$</key>
		<dict>
			<key>omit</key>
			<true/>
			<key>weight</key>
			<real>20</real>
		</dict>
		<key>^Resources/</key>
		<dict>
			<key>weight</key>
			<real>20</real>
		</dict>
		<key>^Resources/.*\.lproj/</key>
		<dict>
			<key>optional</key>
			<true/>
			<key>weight</key>
			<real>1000</real>
		</dict>
		<key>^Resources/.*\.lproj/locversion.plist$</key>
		<dict>
			<key>omit</key>
			<true/>
			<key>weight</key>
			<real>1100</real>
		</dict>
		<key>^Resources/Base\.lproj/</key>
		<dict>
			<key>weight</key>
			<real>1010</real>
		</dict>
		<key>^[^/]+$</key>
		<dict>
			<key>nested</key>
			<true/>
			<key>weight</key>
			<real>10</real>
		</dict>
		<key>^embedded\.provisionprofile$</key>
		<dict>
			<key>weight</key>
			<real>20</real>
		</dict>
		<key>^version\.plist$</key>
		<dict>
			<key>weight</key>
			<real>20</real>
		</dict>
	</dict>
</dict>
</plist>
